Модель;Цена полотна;Цена коробки;Цена наличника;Цена комплекта;Цена за полотно округл;Цена коробки округл;Цена наличника округл;цена комплекта округл;Разница
Браво-0 Cappuccino Melinga;4824;810;522;9459;4790;800;500;9290;-169
Браво-0 Wenge Melinga;4824;810;522;9459;4790;800;500;9290;-169
Браво-0 Snow Melinga;4824;810;522;9459;4790;800;500;9290;-169
Браво-0 Grey Pro;4824;810;522;9459;4790;800;500;9290;-169
Браво-0 Bianco Melinga;4824;810;522;9459;4790;800;500;9290;-169
Браво-21 Wenge Melinga;5184;810;522;9819;5190;800;500;9690;-129
Браво-21 Cappuccino Melinga;5184;810;522;9819;5190;800;500;9690;-129
Браво-21 Grey Melinga;5184;810;522;9819;5190;800;500;9690;-129
Браво-21 Snow Melinga;5184;810;522;9819;5190;800;500;9690;-129
Браво-21 Bianco Melinga;5184;810;522;9819;5190;800;500;9690;-129
Браво-21 Cream Melinga;5184;810;522;9819;5190;800;500;9690;-129
Браво-22 Wenge Melinga;5184;810;522;9819;5190;800;500;9690;-129
Браво-22 Cappuccino Melinga;5184;810;522;9819;5190;800;500;9690;-129
Браво-22 Grey Melinga;5184;810;522;9819;5190;800;500;9690;-129
Браво-22 Snow Melinga;5184;810;522;9819;5190;800;500;9690;-129
Браво-22 Bianco Melinga;5184;810;522;9819;5190;800;500;9690;-129
Браво-22 Cream Melinga;5184;810;522;9819;5190;800;500;9690;-129
Браво-28 Cappuccino Melinga;5184;810;522;9819;5190;800;500;9690;-129
Браво-28 Snow Melinga;5184;810;522;9819;5190;800;500;9690;-129
Браво-28 Wenge Melinga;5184;810;522;9819;5190;800;500;9690;-129
Браво-28 Bianco Melinga;5184;810;522;9819;5190;800;500;9690;-129
Браво-22 Snow Melinga;5544;810;522;10179;5490;800;500;9990;-189
Браво-22 Cappuccino Melinga;5544;810;522;10179;5490;800;500;9990;-189
Браво-22 Grey Melinga;5544;810;522;10179;5490;800;500;9990;-189
Браво-22 Wenge Melinga;5544;810;522;10179;5490;800;500;9990;-189
Браво-22 Bianco Melinga;5544;810;522;10179;5490;800;500;9990;-189
Браво-22 Cream Melinga;5544;810;522;10179;5490;800;500;9990;-189
Скинни-10 Cappuccino Melinga;5544;810;522;10179;5490;800;500;9990;-189
Скинни-12 Cappuccino Melinga;5724;810;522;10359;5690;800;500;10190;-169
Скинни-14 Cappuccino Melinga;5724;810;522;10359;5690;800;500;10190;-169
Браво-0 Nordic Oak;5364;900;576;10494;5390;900;600;10640;146
Браво-0 Original Oak;5364;900;576;10494;5390;900;600;10640;146
Браво-0 Riviera Ice;5364;900;576;10494;5390;900;600;10640;146
Браво-23 Wenge Melinga;5904;810;522;10539;5890;800;500;10390;-149
Браво-23 Cappuccino Melinga;5904;810;522;10539;5890;800;500;10390;-149
Браво-23 Snow Melinga;5904;810;522;10539;5890;800;500;10390;-149
Браво-27 Cappuccino Melinga;5904;810;522;10539;5890;800;500;10390;-149
Браво-27 Wenge Melinga;5904;810;522;10539;5890;800;500;10390;-149
Браво-27 Snow Melinga;5904;810;522;10539;5890;800;500;10390;-149
Браво-27 Bianco Melinga;5904;810;522;10539;5890;800;500;10390;-149
Браво-29 Wenge Melinga;5904;810;522;10539;5890;800;500;10390;-149
Браво-29 Cappuccino Melinga;5904;810;522;10539;5890;800;500;10390;-149
Браво-29 Grey Melinga;5904;810;522;10539;5890;800;500;10390;-149
Браво-29 Snow Melinga;5904;810;522;10539;5890;800;500;10390;-149
Браво-29 Bianco Melinga;5904;810;522;10539;5890;800;500;10390;-149
Браво-29 Cream Melinga;5904;810;522;10539;5890;800;500;10390;-149
Браво-30 Cappuccino Melinga;5904;810;522;10539;5890;800;500;10390;-149
Браво-30 Wenge Melinga;5904;810;522;10539;5890;800;500;10390;-149
Браво-30 Snow Melinga;5904;810;522;10539;5890;800;500;10390;-149
Браво-30 Bianco Melinga;5904;810;522;10539;5890;800;500;10390;-149
Скинни-10 Cream Pro;5904;810;522;10539;5890;800;500;10390;-149
Скинни-10 Grey Pro;5904;810;522;10539;5890;800;500;10390;-149
Скинни-10 White Pro;5904;810;522;10539;5890;800;500;10390;-149
Скинни-12 Cream Pro;6084;810;522;10719;6090;800;500;10590;-129
Скинни-12 Grey Pro;6084;810;522;10719;6090;800;500;10590;-129
Скинни-12 White Pro;6084;810;522;10719;6090;800;500;10590;-129
Скинни-14 White Pro;6084;810;522;10719;6090;800;500;10590;-129
Браво-21 Nordic Oak;5724;900;576;10854;5690;900;600;10940;86
Браво-21 Riviera Ice;5724;900;576;10854;5690;900;600;10940;86
Браво-21 Original Oak;5724;900;576;10854;5690;900;600;10940;86
Браво-22 Nordic Oak;5724;900;576;10854;5690;900;600;10940;86
Браво-22 Original Oak;5724;900;576;10854;5690;900;600;10940;86
Браво-22 Riviera Ice;5724;900;576;10854;5690;900;600;10940;86
Браво-28 Nordic Oak;5724;900;576;10854;5690;900;600;10940;86
Браво-28 Original Oak;5724;900;576;10854;5690;900;600;10940;86
Браво-28 Riviera Ice;5724;900;576;10854;5690;900;600;10940;86
Браво-27 Cappuccino Melinga;6264;810;522;10899;6290;800;500;10790;-109
Браво-27 Wenge Melinga;6264;810;522;10899;6290;800;500;10790;-109
Браво-27 Snow Melinga;6264;810;522;10899;6290;800;500;10790;-109
Браво-27 Bianco Melinga;6264;810;522;10899;6290;800;500;10790;-109
Браво-29 Snow Melinga;6264;810;522;10899;6290;800;500;10790;-109
Браво-29 Cappuccino Melinga;6264;810;522;10899;6290;800;500;10790;-109
Браво-29 Wenge Melinga;6264;810;522;10899;6290;800;500;10790;-109
Браво-29 Bianco Melinga;6264;810;522;10899;6290;800;500;10790;-109
Браво-29 Cream Melinga;6264;810;522;10899;6290;800;500;10790;-109
Браво-29 Grey Melinga;6264;810;522;10899;6290;800;500;10790;-109
Браво-30 Wenge Melinga;6264;810;522;10899;6290;800;500;10790;-109
Браво-30 Snow Melinga;6264;810;522;10899;6290;800;500;10790;-109
Браво-30 Cappuccino Melinga;6264;810;522;10899;6290;800;500;10790;-109
Браво-30 Bianco Melinga;6264;810;522;10899;6290;800;500;10790;-109
Браво-22 Nordic Oak;6084;900;576;11214;6090;900;600;11340;126
Браво-22 Original Oak;6084;900;576;11214;6090;900;600;11340;126
Браво-22 Riviera Ice;6084;900;576;11214;6090;900;600;11340;126
Браво-0 Snow Art;5904;972;648;11574;5890;1000;600;11390;-184
Браво-0 Look Art;5904;972;648;11574;5890;1000;600;11390;-184
Браво-0 Slate Art;5904;972;648;11574;5890;1000;600;11390;-184
Браво-29 Nordic Oak;6444;900;576;11574;6390;900;600;11640;66
Браво-29 Riviera Ice;6444;900;576;11574;6390;900;600;11640;66
Браво-29 Original Oak;6444;900;576;11574;6390;900;600;11640;66
Браво-0.70 Cream Pro;7164;810;522;11799;7190;800;500;11690;-109
Браво-0.70 Grey Pro;7164;810;522;11799;7190;800;500;11690;-109
Браво-0.70 White Pro;7164;810;522;11799;7190;800;500;11690;-109
Браво-0.81 Cream Pro;7164;810;522;11799;7190;800;500;11690;-109
Браво-0.81 Grey Pro;7164;810;522;11799;7190;800;500;11690;-109
Браво-0.81 White Pro;7164;810;522;11799;7190;800;500;11690;-109
Браво-50 Cream Pro;7164;810;522;11799;7190;800;500;11690;-109
Браво-50 Grey Pro;7164;810;522;11799;7190;800;500;11690;-109
Браво-50 White Pro;7164;810;522;11799;7190;800;500;11690;-109
Браво-21 Look Art;6264;972;648;11934;6290;1000;600;11790;-144
Браво-21 Slate Art;6264;972;648;11934;6290;1000;600;11790;-144
Браво-21 Snow Art;6264;972;648;11934;6290;1000;600;11790;-144
Браво-22 Look Art;6264;972;648;11934;6290;1000;600;11790;-144
Браво-22 Slate Art;6264;972;648;11934;6290;1000;600;11790;-144
Браво-22 Snow Art;6264;972;648;11934;6290;1000;600;11790;-144
Прима-0 Cappuccino Melinga;7524;810;522;12159;7490;800;500;11990;-169
Прима-0 Snow Melinga;7524;810;522;12159;7490;800;500;11990;-169
Прима-0 Wenge Melinga;7524;810;522;12159;7490;800;500;11990;-169
Прима-0 Bianco Melinga;7524;810;522;12159;7490;800;500;11990;-169
Лайт Классик 11011 Лофт Белый;7830;792;504;12330;7790;800;500;12290;-40
Лайт Классик 11011 Лофт Мокко;7830;792;504;12330;7790;800;500;12290;-40
Лайт Классик 11011 Лофт Бежевый;7830;792;504;12330;7790;800;500;12290;-40
Лайт Классик 11012 Лофт Белый;7830;792;504;12330;7790;800;500;12290;-40
Лайт Классик 11012 Лофт Мокко;7830;792;504;12330;7790;800;500;12290;-40
Лайт Классик 11012 Лофт Бежевый;7830;792;504;12330;7790;800;500;12290;-40
Браво-22 Look Art;6804;972;648;12474;6790;1000;600;12290;-184
Браво-22 Slate Art;6804;972;648;12474;6790;1000;600;12290;-184
Браво-22 Snow Art;6804;972;648;12474;6790;1000;600;12290;-184
Прима-2 Cappuccino Melinga;7884;810;522;12519;7890;800;500;12390;-129
Прима-2 Snow Melinga;7884;810;522;12519;7890;800;500;12390;-129
Прима-2 Wenge Melinga;7884;810;522;12519;7890;800;500;12390;-129
Прима-2 Bianco Melinga;7884;810;522;12519;7890;800;500;12390;-129
Граффити-1.Д Grey Pro;8244;810;522;12879;8190;800;500;12690;-189
Граффити-1.Д White Pro;8244;810;522;12879;8190;800;500;12690;-189
Граффити-1.Д Cream Pro;8244;810;522;12879;8190;800;500;12690;-189
Граффити-10 White Pro;8244;810;522;12879;8190;800;500;12690;-189
Граффити-10 Grey Pro;8244;810;522;12879;8190;800;500;12690;-189
Граффити-10 Cream Pro;8244;810;522;12879;8190;800;500;12690;-189
Граффити-12 Grey Pro;8244;810;522;12879;8190;800;500;12690;-189
Граффити-12 White Pro;8244;810;522;12879;8190;800;500;12690;-189
Граффити-12 Cream Pro;8244;810;522;12879;8190;800;500;12690;-189
Граффити-20 Cream Pro;8244;810;522;12879;8190;800;500;12690;-189
Граффити-20 White Pro;8244;810;522;12879;8190;800;500;12690;-189
Граффити-20 Grey Pro;8244;810;522;12879;8190;800;500;12690;-189
Граффити-21 Grey Pro;8244;810;522;12879;8190;800;500;12690;-189
Граффити-21 White Pro;8244;810;522;12879;8190;800;500;12690;-189
Граффити-21 Cream Pro;8244;810;522;12879;8190;800;500;12690;-189
Граффити-23.Д White Pro;8244;810;522;12879;8190;800;500;12690;-189
Граффити-23.Д Grey Pro;8244;810;522;12879;8190;800;500;12690;-189
Граффити-23.Д Cream Pro;8244;810;522;12879;8190;800;500;12690;-189
Граффити-32 Grey Pro;8244;810;522;12879;8190;800;500;12690;-189
Граффити-32 White Pro;8244;810;522;12879;8190;800;500;12690;-189
Граффити-32 Cream Pro;8244;810;522;12879;8190;800;500;12690;-189
Граффити-40 Grey Pro;8244;810;522;12879;8190;800;500;12690;-189
Граффити-42 Grey Pro;8244;810;522;12879;8190;800;500;12690;-189
Граффити-42 White Pro;8244;810;522;12879;8190;800;500;12690;-189
Граффити-42 Cream Pro;8244;810;522;12879;8190;800;500;12690;-189
Граффити-5.Д Grey Pro;8244;810;522;12879;8190;800;500;12690;-189
Граффити-5.Д White Pro;8244;810;522;12879;8190;800;500;12690;-189
Граффити-5.Д Cream Pro;8244;810;522;12879;8190;800;500;12690;-189
Прима-0 Nordic Oak;8064;900;576;13194;8090;900;600;13340;146
Прима-0 Riviera Ice;8064;900;576;13194;8090;900;600;13340;146
Браво-50 Snow Art;7704;972;648;13374;7690;1000;600;13190;-184
Браво-50 Look Art;7704;972;648;13374;7690;1000;600;13190;-184
Браво-50 Slate Art;7704;972;648;13374;7690;1000;600;13190;-184
Неоклассик-30 Bianco Melinga;8784;810;522;13419;8790;800;500;13290;-129
Неоклассик-30 Cappuccino Melinga;8784;810;522;13419;8790;800;500;13290;-129
Прима-3 Cappuccino Melinga;8784;810;522;13419;8790;800;500;13290;-129
Прима-3 Wenge Melinga;8784;810;522;13419;8790;800;500;13290;-129
Прима-3 Snow Melinga;8784;810;522;13419;8790;800;500;13290;-129
Прима-3 Bianco Melinga;8784;810;522;13419;8790;800;500;13290;-129
Скинни-13 Cappuccino Melinga;8784;810;522;13419;8790;800;500;13290;-129
Скинни-15 Cappuccino Melinga;8784;810;522;13419;8790;800;500;13290;-129
Браво-20 Cream Silk;7164;1134;702;13509;7190;1100;700;13440;-69
Браво-20 Grey Silk;7164;1134;702;13509;7190;1100;700;13440;-69
Браво-20 Stormy Silk;7164;1134;702;13509;7190;1100;700;13440;-69
Браво-20 White Silk;7164;1134;702;13509;7190;1100;700;13440;-69
Браво-22 Cream Silk;7164;1134;702;13509;7190;1100;700;13440;-69
Браво-22 White Silk;7164;1134;702;13509;7190;1100;700;13440;-69
Браво-22 Grey Silk;7164;1134;702;13509;7190;1100;700;13440;-69
Браво-22 Stormy Silk;7164;1134;702;13509;7190;1100;700;13440;-69
Браво-28 White Silk;7164;1134;702;13509;7190;1100;700;13440;-69
Браво-28 Cream Silk;7164;1134;702;13509;7190;1100;700;13440;-69
Браво-28 Grey Silk;7164;1134;702;13509;7190;1100;700;13440;-69
Браво-28 Stormy Silk;7164;1134;702;13509;7190;1100;700;13440;-69
Прима-2 Nordic Oak;8424;900;576;13554;8390;900;600;13640;86
Прима-2 Riviera Ice;8424;900;576;13554;8390;900;600;13640;86
Неоклассик-32 Cappuccino Melinga;9144;810;522;13779;9090;800;500;13590;-189
Неоклассик-32 Bianco Melinga;9144;810;522;13779;9090;800;500;13590;-189
Браво-22 Cream Silk;7524;1134;702;13869;7490;1100;700;13740;-129
Браво-22 Grey Silk;7524;1134;702;13869;7490;1100;700;13740;-129
Браво-22 Stormy Silk;7524;1134;702;13869;7490;1100;700;13740;-129
Браво-22 White Silk;7524;1134;702;13869;7490;1100;700;13740;-129
Скинни-13 Cream Pro;9324;810;522;13959;9290;800;500;13790;-169
Скинни-13 Grey Pro;9324;810;522;13959;9290;800;500;13790;-169
Скинни-13 White Pro;9324;810;522;13959;9290;800;500;13790;-169
Скинни-15 White Pro;9324;810;522;13959;9290;800;500;13790;-169
Классик 50002 Лофт Белый;9648;792;504;14148;9590;800;500;14090;-58
Классик 50002 Лофт Мокко;9648;792;504;14148;9590;800;500;14090;-58
Классик 50002 Лофт Бежевый;9648;792;504;14148;9590;800;500;14090;-58
Классик 50002 Лофт Темный;9648;792;504;14148;9590;800;500;14090;-58
Классик 50002 Дуб Европейский;9648;792;504;14148;9590;800;500;14090;-58
Браво-29 Cream Silk;8064;1134;702;14409;8090;1100;700;14340;-69
Браво-29 Grey Silk;8064;1134;702;14409;8090;1100;700;14340;-69
Браво-29 Stormy Silk;8064;1134;702;14409;8090;1100;700;14340;-69
Браво-29 White Silk;8064;1134;702;14409;8090;1100;700;14340;-69
Граффити-1.Д Snow Art;8784;972;648;14454;8790;1000;600;14290;-164
Граффити-1.Д Look Art;8784;972;648;14454;8790;1000;600;14290;-164
Граффити-1.Д Slate Art;8784;972;648;14454;8790;1000;600;14290;-164
Граффити-32 Look Art;8784;972;648;14454;8790;1000;600;14290;-164
Граффити-32 Slate Art;8784;972;648;14454;8790;1000;600;14290;-164
Граффити-32 Snow Art;8784;972;648;14454;8790;1000;600;14290;-164
Граффити-5.Д Snow Art;8784;972;648;14454;8790;1000;600;14290;-164
Граффити-5.Д Look Art;8784;972;648;14454;8790;1000;600;14290;-164
Граффити-5.Д Slate Art;8784;972;648;14454;8790;1000;600;14290;-164
Неоклассик-30 Nordic Oak;9324;900;576;14454;9290;900;600;14540;86
Неоклассик-30 Original Oak;9324;900;576;14454;9290;900;600;14540;86
Прима-3 Nordic Oak;9324;900;576;14454;9290;900;600;14540;86
Прима-3 Riviera Ice;9324;900;576;14454;9290;900;600;14540;86
Неоклассик-33 Cappuccino Melinga;10044;810;522;14679;9990;800;500;14490;-189
Неоклассик-33 Bianco Melinga;10044;810;522;14679;9990;800;500;14490;-189
Неоклассик-32 Nordic Oak;9684;900;576;14814;9690;900;600;14940;126
Неоклассик-32 Original Oak;9684;900;576;14814;9690;900;600;14940;126
Прима-10 Cream Silk;8784;1134;702;15129;8790;1100;700;15040;-89
Прима-10 Grey Silk;8784;1134;702;15129;8790;1100;700;15040;-89
Прима-10 Stormy Silk;8784;1134;702;15129;8790;1100;700;15040;-89
Прима-10 White Silk;8784;1134;702;15129;8790;1100;700;15040;-89
Браво-0.10.П Snow Art;9504;972;648;15174;9490;1000;600;14990;-184
Браво-0.10.П Look Art;9504;972;648;15174;9490;1000;600;14990;-184
Браво-0.10.П Slate Art;9504;972;648;15174;9490;1000;600;14990;-184
Браво-0.21.П Snow Art;9504;972;648;15174;9490;1000;600;14990;-184
Браво-0.21.П Look Art;9504;972;648;15174;9490;1000;600;14990;-184
Браво-0.21.П Slate Art;9504;972;648;15174;9490;1000;600;14990;-184
Браво-0.24.П Snow Art;9504;972;648;15174;9490;1000;600;14990;-184
Браво-0.24.П Look Art;9504;972;648;15174;9490;1000;600;14990;-184
Браво-0.24.П Slate Art;9504;972;648;15174;9490;1000;600;14990;-184
Прима-0 White Silk;9324;1134;702;15669;9290;1100;700;15540;-129
Прима-0 Cream Silk;9324;1134;702;15669;9290;1100;700;15540;-129
Прима-0 Grey Silk;9324;1134;702;15669;9290;1100;700;15540;-129
Прима-0 Stormy Silk;9324;1134;702;15669;9290;1100;700;15540;-129
Прима-12 Cream Silk;9324;1134;702;15669;9290;1100;700;15540;-129
Прима-12 Grey Silk;9324;1134;702;15669;9290;1100;700;15540;-129
Прима-12 Stormy Silk;9324;1134;702;15669;9290;1100;700;15540;-129
Прима-12 White Silk;9324;1134;702;15669;9290;1100;700;15540;-129
Браво-0.А Clay Silk;9526;1134;702;15871;9490;1100;700;15740;-131
Неоклассик-33 Nordic Oak;10764;900;576;15894;10790;900;600;16040;146
Неоклассик-33 Original Oak;10764;900;576;15894;10790;900;600;16040;146
Прима-2 Cream Silk;9684;1134;702;16029;9690;1100;700;15940;-89
Прима-2 Grey Silk;9684;1134;702;16029;9690;1100;700;15940;-89
Прима-2 Stormy Silk;9684;1134;702;16029;9690;1100;700;15940;-89
Прима-2 White Silk;9684;1134;702;16029;9690;1100;700;15940;-89
Браво-0.21.А Clay Silk;10012;1134;702;16357;9990;1100;700;16240;-117
Браво-0.40.П Snow Art;10764;972;648;16434;10790;1000;600;16290;-144
Браво-0.40.П Look Art;10764;972;648;16434;10790;1000;600;16290;-144
Браво-0.40.П Slate Art;10764;972;648;16434;10790;1000;600;16290;-144
Тамбурат Лайт Лофт 4302 Белый;12132;792;504;16632;12090;800;500;16590;-42
Тамбурат Лайт Лофт 4302 Лофт Светлый;12132;792;504;16632;12090;800;500;16590;-42
Тамбурат Лайт Лофт 4303 Лофт Белый;12132;792;504;16632;12090;800;500;16590;-42
Тамбурат Лайт Лофт 4303 Лофт Бежевый;12132;792;504;16632;12090;800;500;16590;-42
Тамбурат Лайт Лофт 4303 Лофт Мокко;12132;792;504;16632;12090;800;500;16590;-42
Неоклассика 82001 Белый;12168;792;504;16668;12190;800;500;16690;22
Неоклассика 82001 Лофт Светлый;12168;792;504;16668;12190;800;500;16690;22
Неоклассика 82001 Лофт Темный;12168;792;504;16668;12190;800;500;16690;22
Неоклассика 82001 Белый;12168;792;504;16668;12190;800;500;16690;22
Неоклассика 82001 Лофт Светлый;12168;792;504;16668;12190;800;500;16690;22
Неоклассика 82001 Лофт Темный;12168;792;504;16668;12190;800;500;16690;22
Неоклассика 82002 Белый;12168;792;504;16668;12190;800;500;16690;22
Неоклассика 82002 Лофт Светлый;12168;792;504;16668;12190;800;500;16690;22
Неоклассика 82002 Лофт Темный;12168;792;504;16668;12190;800;500;16690;22
Неоклассика 82002 Белый;12168;792;504;16668;12190;800;500;16690;22
Неоклассика 82002 Лофт Светлый;12168;792;504;16668;12190;800;500;16690;22
Неоклассика 82002 Лофт Темный;12168;792;504;16668;12190;800;500;16690;22
Браво-0.10.А Clay Silk;10336;1134;702;16681;10290;1100;700;16540;-141
Скинни-10 Creamy;9324;1206;900;16839;9290;1200;900;16790;-49
Скинни-10 Greyny;9324;1206;900;16839;9290;1200;900;16790;-49
Скинни-10 Whitey;9324;1206;900;16839;9290;1200;900;16790;-49
Тамбурат Лайт Лофт 4304 Белый;12402;792;504;16902;12390;800;500;16890;-12
Тамбурат Лайт Лофт 4304 Лофт Светлый;12402;792;504;16902;12390;800;500;16890;-12
Браво-0.10.П (SG:P3) Grey Silk;10584;1134;702;16929;10590;1100;700;16840;-89
Браво-0.10.П (SG:P3) Clay Silk;10584;1134;702;16929;10590;1100;700;16840;-89
Браво-0.21.П (SG:P3) Grey Silk;10584;1134;702;16929;10590;1100;700;16840;-89
Браво-0.21.П (SG:P3) Clay Silk;10584;1134;702;16929;10590;1100;700;16840;-89
Браво-0.24.П (SG:P3) Grey Silk;10584;1134;702;16929;10590;1100;700;16840;-89
Браво-0.24.П (SG:P3) Clay Silk;10584;1134;702;16929;10590;1100;700;16840;-89
Браво-0.А Cream Silk;10584;1134;702;16929;10590;1100;700;16840;-89
Браво-0.А Grey Silk;10584;1134;702;16929;10590;1100;700;16840;-89
Браво-0.А White Silk;10584;1134;702;16929;10590;1100;700;16840;-89
Прима-3 Cream Silk;10584;1134;702;16929;10590;1100;700;16840;-89
Прима-3 Grey Silk;10584;1134;702;16929;10590;1100;700;16840;-89
Прима-3 Stormy Silk;10584;1134;702;16929;10590;1100;700;16840;-89
Прима-3 White Silk;10584;1134;702;16929;10590;1100;700;16840;-89
Прима-11.1 Cream Silk;10764;1134;702;17109;10790;1100;700;17040;-69
Прима-11.1 Grey Silk;10764;1134;702;17109;10790;1100;700;17040;-69
Прима-11.1 Stormy Silk;10764;1134;702;17109;10790;1100;700;17040;-69
Прима-11.1 White Silk;10764;1134;702;17109;10790;1100;700;17040;-69
Багет Классик 50011 Лофт Белый;12636;792;504;17136;12590;800;500;17090;-46
Багет Классик 50011 Лофт Мокко;12636;792;504;17136;12590;800;500;17090;-46
Багет Классик 50011 Лофт Бежевый;12636;792;504;17136;12590;800;500;17090;-46
Багет Классик 50012 Лофт Белый;12636;792;504;17136;12590;800;500;17090;-46
Багет Классик 50012 Лофт Мокко;12636;792;504;17136;12590;800;500;17090;-46
Багет Классик 50012 Лофт Бежевый;12636;792;504;17136;12590;800;500;17090;-46
Тамбурат Лайт Лофт 4309 Лофт Белый;12654;792;504;17154;12690;800;500;17190;36
Тамбурат Лайт Лофт 4309 Лофт Бежевый;12654;792;504;17154;12690;800;500;17190;36
Тамбурат Лайт Лофт 4309 Лофт Мокко;12654;792;504;17154;12690;800;500;17190;36
Скинни-12 Whitey;9684;1206;900;17199;9690;1200;900;17190;-9
Скинни-12 Creamy;9684;1206;900;17199;9690;1200;900;17190;-9
Скинни-12 Greyny;9684;1206;900;17199;9690;1200;900;17190;-9
Скинни-14 Whitey;9684;1206;900;17199;9690;1200;900;17190;-9
Скинни-14 Creamy;9684;1206;900;17199;9690;1200;900;17190;-9
Скинни-14 Greyny;9684;1206;900;17199;9690;1200;900;17190;-9
Прима-20 White Silk;10944;1134;702;17289;10890;1100;700;17140;-149
Прима-20 Cream Silk;10944;1134;702;17289;10890;1100;700;17140;-149
Прима-20 Grey Silk;10944;1134;702;17289;10890;1100;700;17140;-149
Прима-20 Stormy Silk;10944;1134;702;17289;10890;1100;700;17140;-149
Браво-0 Whitey;9864;1206;900;17379;9890;1200;900;17390;11
Браво-0 Creamy;9864;1206;900;17379;9890;1200;900;17390;11
Браво-0 Greyny;9864;1206;900;17379;9890;1200;900;17390;11
Браво-0.21.А Grey Silk;11124;1134;702;17469;11090;1100;700;17340;-129
Браво-0.40.П Grey Silk;11304;1134;702;17649;11290;1100;700;17540;-109
Браво-0.40.П Clay Silk;11304;1134;702;17649;11290;1100;700;17540;-109
Прима-13.0.1 Cream Silk;11304;1134;702;17649;11290;1100;700;17540;-109
Прима-13.0.1 Grey Silk;11304;1134;702;17649;11290;1100;700;17540;-109
Прима-13.0.1 Stormy Silk;11304;1134;702;17649;11290;1100;700;17540;-109
Прима-13.0.1 White Silk;11304;1134;702;17649;11290;1100;700;17540;-109
Белла 611 Кашемир;11520;1152;666;17730;11490;1200;700;17990;260
Белла 611 Тауп;11520;1152;666;17730;11490;1200;700;17990;260
Белла 611 Матча;11520;1152;666;17730;11490;1200;700;17990;260
Белла 611 Антрацит;11520;1152;666;17730;11490;1200;700;17990;260
Браво-0.10.А White Silk;11484;1134;702;17829;11490;1100;700;17740;-89
Браво-0.10.А Cream Silk;11484;1134;702;17829;11490;1100;700;17740;-89
Браво-0.10.А Grey Silk;11484;1134;702;17829;11490;1100;700;17740;-89
Неоклассик-30 White Silk;11484;1134;702;17829;11490;1100;700;17740;-89
Неоклассик-30 Grey Silk;11484;1134;702;17829;11490;1100;700;17740;-89
Неоклассик-30 Stormy Silk;11484;1134;702;17829;11490;1100;700;17740;-89
Неоклассик-30 Cream Silk;11484;1134;702;17829;11490;1100;700;17740;-89
Прима-22 White Silk;11484;1134;702;17829;11490;1100;700;17740;-89
Прима-22 Cream Silk;11484;1134;702;17829;11490;1100;700;17740;-89
Прима-22 Grey Silk;11484;1134;702;17829;11490;1100;700;17740;-89
Прима-22 Stormy Silk;11484;1134;702;17829;11490;1100;700;17740;-89
Браво-0.10.П (SG:P3) White Silk;10584;1134;900;17919;10590;1100;900;17840;-79
Браво-0.10.П (SG:P3) Cream Silk;10584;1134;900;17919;10590;1100;900;17840;-79
Браво-0.10.П (SG:P3) Stormy Silk;10584;1134;900;17919;10590;1100;900;17840;-79
Браво-0.21.П (SG:P3) White Silk;10584;1134;900;17919;10590;1100;900;17840;-79
Браво-0.21.П (SG:P3) Cream Silk;10584;1134;900;17919;10590;1100;900;17840;-79
Браво-0.21.П (SG:P3) Stormy Silk;10584;1134;900;17919;10590;1100;900;17840;-79
Браво-0.24.П (SG:P3) White Silk;10584;1134;900;17919;10590;1100;900;17840;-79
Браво-0.24.П (SG:P3) Cream Silk;10584;1134;900;17919;10590;1100;900;17840;-79
Браво-0.24.П (SG:P3) Stormy Silk;10584;1134;900;17919;10590;1100;900;17840;-79
Граффити-2.Д.П Grey Silk;11664;1134;702;18009;11690;1100;700;17940;-69
Граффити-2.Д.П Stormy Silk;11664;1134;702;18009;11690;1100;700;17940;-69
Граффити-2.Д.П White Silk;11664;1134;702;18009;11690;1100;700;17940;-69
Граффити-2.Д.П Cream Silk;11664;1134;702;18009;11690;1100;700;17940;-69
Граффити-2.Д.П Clay Silk;11664;1134;702;18009;11690;1100;700;17940;-69
Граффити-5.Д.П Cream Silk;11664;1134;702;18009;11690;1100;700;17940;-69
Граффити-5.Д.П Grey Silk;11664;1134;702;18009;11690;1100;700;17940;-69
Граффити-5.Д.П Stormy Silk;11664;1134;702;18009;11690;1100;700;17940;-69
Граффити-5.Д.П White Silk;11664;1134;702;18009;11690;1100;700;17940;-69
Граффити-5.Д.П Clay Silk;11664;1134;702;18009;11690;1100;700;17940;-69
Парма 1220 Аляска суперматовая;11880;1152;666;18090;11890;1200;700;18390;300
Парма 1220 Магнолия;11880;1152;666;18090;11890;1200;700;18390;300
Парма 1220 Манхэттен;11880;1152;666;18090;11890;1200;700;18390;300
Неоклассик-32 Cream Silk;12024;1134;702;18369;11990;1100;700;18240;-129
Неоклассик-32 White Silk;12024;1134;702;18369;11990;1100;700;18240;-129
Неоклассик-32 Grey Silk;12024;1134;702;18369;11990;1100;700;18240;-129
Неоклассик-32 Stormy Silk;12024;1134;702;18369;11990;1100;700;18240;-129
М26 Эмаль Белая RAL 9003;11610;1170;774;18405;11590;1200;800;18590;185
М26 Эмаль Галечный Серый RAL 7032;11610;1170;774;18405;11590;1200;800;18590;185
М29 Эмаль Белая RAL 9003;11610;1170;774;18405;11590;1200;800;18590;185
М29 Эмаль Галечный Серый RAL 7032;11610;1170;774;18405;11590;1200;800;18590;185
М30 Эмаль Белая RAL 9003;11610;1170;774;18405;11590;1200;800;18590;185
М30 Эмаль Галечный Серый RAL 7032;11610;1170;774;18405;11590;1200;800;18590;185
Браво-0.21.А Cream Silk;11124;1134;900;18459;11090;1100;900;18340;-119
Браво-0.21.А White Silk;11124;1134;900;18459;11090;1100;900;18340;-119
Тамбурат Лайт Лофт 4202 Кашемир;14022;792;504;18522;13990;800;500;18490;-32
Тамбурат Лайт Лофт 4202 Тауп;14022;792;504;18522;13990;800;500;18490;-32
Тамбурат Лайт Лофт 4202 Матча;14022;792;504;18522;13990;800;500;18490;-32
Тамбурат Лайт Лофт 4202 Антрацит;14022;792;504;18522;13990;800;500;18490;-32
Браво-0.40.П Stormy Silk;11304;1134;900;18639;11290;1100;900;18540;-99
Браво-0.40.П White Silk;11304;1134;900;18639;11290;1100;900;18540;-99
Браво-0.40.П Cream Silk;11304;1134;900;18639;11290;1100;900;18540;-99
Неоклассик-34 Cream Silk;12564;1134;702;18909;12590;1100;700;18840;-69
Неоклассик-34 White Silk;12564;1134;702;18909;12590;1100;700;18840;-69
Неоклассик-34 Grey Silk;12564;1134;702;18909;12590;1100;700;18840;-69
Неоклассик-34 Stormy Silk;12564;1134;702;18909;12590;1100;700;18840;-69
Деканто 621 Кашемир;12762;1152;666;18972;12790;1200;700;19290;318
Деканто 621 Тауп;12762;1152;666;18972;12790;1200;700;19290;318
Деканто 621 Матча;12762;1152;666;18972;12790;1200;700;19290;318
Деканто 621 Антрацит;12762;1152;666;18972;12790;1200;700;19290;318
Парма 1211 Аляска суперматовая;12780;1152;666;18990;12790;1200;700;19290;300
Парма 1211 Магнолия;12780;1152;666;18990;12790;1200;700;19290;300
Парма 1211 Манхэттен;12780;1152;666;18990;12790;1200;700;19290;300
Парма 2199 Магнолия;12780;1152;666;18990;12790;1200;700;19290;300
Парма 2199 Манхэттен;12780;1152;666;18990;12790;1200;700;19290;300
Тамбурат Лайт Лофт 4208 Кашемир;14526;792;504;19026;14490;800;500;18990;-36
Тамбурат Лайт Лофт 4208 Тауп;14526;792;504;19026;14490;800;500;18990;-36
Тамбурат Лайт Лофт 4208 Матча;14526;792;504;19026;14490;800;500;18990;-36
Тамбурат Лайт Лофт 4208 Антрацит;14526;792;504;19026;14490;800;500;18990;-36
Тамбурат Лайт 4201 Аляска суперматовая;12870;1152;666;19080;12890;1200;700;19390;310
Браво-40 Stormy Silk;12924;1134;702;19269;12890;1100;700;19140;-129
Браво-40 Cream Silk;12924;1134;702;19269;12890;1100;700;19140;-129
Браво-40 Grey Silk;12924;1134;702;19269;12890;1100;700;19140;-129
Браво-40 White Silk;12924;1134;702;19269;12890;1100;700;19140;-129
Тамбурат Лайт 4204 Орех шоколадный;13176;1152;666;19386;13190;1200;700;19690;304
Скинни-13 Whitey;12384;1206;900;19899;12390;1200;900;19890;-9
Скинни-13 Creamy;12384;1206;900;19899;12390;1200;900;19890;-9
Скинни-13 Greyny;12384;1206;900;19899;12390;1200;900;19890;-9
Скинни-15.1 Whitey;12384;1206;900;19899;12390;1200;900;19890;-9
Скинни-15.1 Creamy;12384;1206;900;19899;12390;1200;900;19890;-9
Скинни-15.1 Greyny;12384;1206;900;19899;12390;1200;900;19890;-9
Деканто 622 Кашемир;13770;1152;666;19980;13790;1200;700;20290;310
Деканто 622 Тауп;13770;1152;666;19980;13790;1200;700;20290;310
Деканто 622 Матча;13770;1152;666;19980;13790;1200;700;20290;310
Деканто 622 Антрацит;13770;1152;666;19980;13790;1200;700;20290;310
Неоклассик-33 Cream Silk;13644;1134;702;19989;13590;1100;700;19840;-149
Неоклассик-33 Grey Silk;13644;1134;702;19989;13590;1100;700;19840;-149
Неоклассик-33 White Silk;13644;1134;702;19989;13590;1100;700;19840;-149
Неоклассик-33 Stormy Silk;13644;1134;702;19989;13590;1100;700;19840;-149
Москва 641 Кашемир;13860;1152;666;20070;13890;1200;700;20390;320
Москва 641 Тауп;13860;1152;666;20070;13890;1200;700;20390;320
Москва 641 Матча;13860;1152;666;20070;13890;1200;700;20390;320
Москва 641 Антрацит;13860;1152;666;20070;13890;1200;700;20390;320
Парма 30012 Аляска суперматовая;13950;1152;666;20160;13990;1200;700;20490;330
Парма 30012 Магнолия;13950;1152;666;20160;13990;1200;700;20490;330
Парма 30012 Манхэттен;13950;1152;666;20160;13990;1200;700;20490;330
Браво-0.10.П Grey Silk;13824;1134;702;20169;13790;1100;700;20040;-129
Браво-0.21.П Grey Silk;13824;1134;702;20169;13790;1100;700;20040;-129
Браво-0.24.П Grey Silk;13824;1134;702;20169;13790;1100;700;20040;-129
Парма 1212 Аляска суперматовая;14112;1152;666;20322;14090;1200;700;20590;268
Парма 1212 Магнолия;14112;1152;666;20322;14090;1200;700;20590;268
Парма 1212 Манхэттен;14112;1152;666;20322;14090;1200;700;20590;268
Граффити-1 Whitey;12924;1206;900;20439;12890;1200;900;20390;-49
Граффити-1 Creamy;12924;1206;900;20439;12890;1200;900;20390;-49
Граффити-1 Greyny;12924;1206;900;20439;12890;1200;900;20390;-49
Граффити-20 Whitey;12924;1206;900;20439;12890;1200;900;20390;-49
Граффити-20 Creamy;12924;1206;900;20439;12890;1200;900;20390;-49
Граффити-20 Greyny;12924;1206;900;20439;12890;1200;900;20390;-49
Граффити-21 Whitey;12924;1206;900;20439;12890;1200;900;20390;-49
Граффити-21 Creamy;12924;1206;900;20439;12890;1200;900;20390;-49
Граффити-21 Greyny;12924;1206;900;20439;12890;1200;900;20390;-49
Граффити-23 Whitey;12924;1206;900;20439;12890;1200;900;20390;-49
Граффити-23 Creamy;12924;1206;900;20439;12890;1200;900;20390;-49
Граффити-23 Greyny;12924;1206;900;20439;12890;1200;900;20390;-49
Граффити-32 Whitey;12924;1206;900;20439;12890;1200;900;20390;-49
Граффити-32 Creamy;12924;1206;900;20439;12890;1200;900;20390;-49
Граффити-32 Greyny;12924;1206;900;20439;12890;1200;900;20390;-49
Граффити-33.0 Whitey;12924;1206;900;20439;12890;1200;900;20390;-49
Граффити-33.0 Creamy;12924;1206;900;20439;12890;1200;900;20390;-49
Граффити-33.0 Greyny;12924;1206;900;20439;12890;1200;900;20390;-49
Граффити-40 Creamy;12924;1206;900;20439;12890;1200;900;20390;-49
Граффити-40 Whitey;12924;1206;900;20439;12890;1200;900;20390;-49
Граффити-40 Greyny;12924;1206;900;20439;12890;1200;900;20390;-49
Граффити-42 Whitey;12924;1206;900;20439;12890;1200;900;20390;-49
Граффити-42 Creamy;12924;1206;900;20439;12890;1200;900;20390;-49
Граффити-42 Greyny;12924;1206;900;20439;12890;1200;900;20390;-49
Граффити-50 Whitey;12924;1206;900;20439;12890;1200;900;20390;-49
Граффити-50 Creamy;12924;1206;900;20439;12890;1200;900;20390;-49
Граффити-50 Greyny;12924;1206;900;20439;12890;1200;900;20390;-49
Сицилия 90001 Орех натуральный;12942;1620;702;20502;12890;1600;700;20390;-112
Сицилия 90001 Орех светлый;12942;1620;702;20502;12890;1600;700;20390;-112
Сицилия 90001 Орех шоколадный;12942;1620;702;20502;12890;1600;700;20390;-112
Неоклассик-35 Cream Silk;14364;1134;702;20709;14390;1100;700;20640;-69
Неоклассик-35 Grey Silk;14364;1134;702;20709;14390;1100;700;20640;-69
Неоклассик-35 White Silk;14364;1134;702;20709;14390;1100;700;20640;-69
Неоклассик-35 Stormy Silk;14364;1134;702;20709;14390;1100;700;20640;-69
Москва 642 Кашемир;14832;1152;666;21042;14790;1200;700;21290;248
Москва 642 Тауп;14832;1152;666;21042;14790;1200;700;21290;248
Москва 642 Матча;14832;1152;666;21042;14790;1200;700;21290;248
Москва 642 Антрацит;14832;1152;666;21042;14790;1200;700;21290;248
Браво-0.10.П White Silk;13824;1134;900;21159;13790;1100;900;21040;-119
Браво-0.10.П Cream Silk;13824;1134;900;21159;13790;1100;900;21040;-119
Браво-0.10.П Stormy Silk;13824;1134;900;21159;13790;1100;900;21040;-119
Браво-0.21.П White Silk;13824;1134;900;21159;13790;1100;900;21040;-119
Браво-0.21.П Cream Silk;13824;1134;900;21159;13790;1100;900;21040;-119
Браво-0.21.П Stormy Silk;13824;1134;900;21159;13790;1100;900;21040;-119
Браво-0.24.П White Silk;13824;1134;900;21159;13790;1100;900;21040;-119
Браво-0.24.П Cream Silk;13824;1134;900;21159;13790;1100;900;21040;-119
Браво-0.24.П Stormy Silk;13824;1134;900;21159;13790;1100;900;21040;-119
Тамбурат Лайт 4204 Аляска суперматовая;14976;1152;666;21186;14990;1200;700;21490;304
М7 Т-05 (Светлый Лак);14184;1314;792;21429;14190;1300;800;21440;11
М7 Т-04 (Медовый);14184;1314;792;21429;14190;1300;800;21440;11
Прадо 602 Аляска суперматовая (вставка золото);15336;1152;666;21546;15290;1200;700;21790;244
Прадо 602 Манхэттен (вставка серебро);15336;1152;666;21546;15290;1200;700;21790;244
Прадо 602 Магнолия;15336;1152;666;21546;15290;1200;700;21790;244
Эвита 1 Софт Миндаль;14400;1216;848;21680;14390;1200;800;21390;-290
Эвита 10 Софт Миндаль;14400;1216;848;21680;14390;1200;800;21390;-290
Эвита 11 Софт Миндаль;14400;1216;848;21680;14390;1200;800;21390;-290
Эвита 12 Софт Миндаль;14400;1216;848;21680;14390;1200;800;21390;-290
Эвита 13 Софт Миндаль;14400;1216;848;21680;14390;1200;800;21390;-290
Эвита 14 Софт Миндаль;14400;1216;848;21680;14390;1200;800;21390;-290
Эвита 15 Софт Миндаль;14400;1216;848;21680;14390;1200;800;21390;-290
Эвита 2 Софт Миндаль;14400;1216;848;21680;14390;1200;800;21390;-290
Эвита 3 Софт Миндаль;14400;1216;848;21680;14390;1200;800;21390;-290
Эвита 4 Софт Миндаль;14400;1216;848;21680;14390;1200;800;21390;-290
Эвита 5 Софт Миндаль;14400;1216;848;21680;14390;1200;800;21390;-290
Эвита 6 Софт Миндаль;14400;1216;848;21680;14390;1200;800;21390;-290
Эвита 7 Софт Миндаль;14400;1216;848;21680;14390;1200;800;21390;-290
Эвита 8 Софт Миндаль;14400;1216;848;21680;14390;1200;800;21390;-290
Эвита 9 Софт Миндаль;14400;1216;848;21680;14390;1200;800;21390;-290
Парма 30014 Аляска суперматовая;15642;1152;666;21852;15590;1200;700;22090;238
Парма 30014 Магнолия;15642;1152;666;21852;15590;1200;700;22090;238
Парма 30014 Манхэттен;15642;1152;666;21852;15590;1200;700;22090;238
Браво-0.40 Whitey;14544;1206;900;22059;14490;1200;900;21990;-69
Браво-0.40 Creamy;14544;1206;900;22059;14490;1200;900;21990;-69
Браво-0.40 Greyny;14544;1206;900;22059;14490;1200;900;21990;-69
Прадо 602 Аляска суперматовая (вставка золото);16344;1152;666;22554;16290;1200;700;22790;236
Прадо 602 Манхэттен (вставка серебро);16344;1152;666;22554;16290;1200;700;22790;236
Прадо 602 Магнолия;16344;1152;666;22554;16290;1200;700;22790;236
Инфинити 3 Черный Керамик;15552;1216;848;22832;15590;1200;800;22590;-242
Инфинити 4 Черный Керамик;15552;1216;848;22832;15590;1200;800;22590;-242
Инфинити 8 Черный Керамик;15552;1216;848;22832;15590;1200;800;22590;-242
Инфинити 5 Черный Керамик;15664;1216;848;22944;15690;1200;800;22690;-254
Инфинити 7 Черный Керамик;15664;1216;848;22944;15690;1200;800;22690;-254
Стокгольм Эмаль Белая RAL 9003;15336;1350;864;23031;15290;1400;900;23290;259
М5 Т-05 (Светлый Лак);15804;1314;792;23049;15790;1300;800;23040;-9
М5 Т-04 (Медовый);15804;1314;792;23049;15790;1300;800;23040;-9
Скинни-11.1 Creamy;15624;1206;900;23139;15590;1200;900;23090;-49
Скинни-11.1 Greyny;15624;1206;900;23139;15590;1200;900;23090;-49
Скинни-11.1 Whitey;15624;1206;900;23139;15590;1200;900;23090;-49
М7 Т-05 (Светлый Лак);15984;1314;792;23229;15990;1300;800;23240;11
М7 Т-04 (Медовый);15984;1314;792;23229;15990;1300;800;23240;11
Инфинити 1 Черный Керамик;16128;1216;848;23408;16090;1200;800;23090;-318
Инфинити 2 Черный Керамик;16128;1216;848;23408;16090;1200;800;23090;-318
Соренто 80010 Серена Керамик;14346;1674;1026;23661;14290;1700;1000;23540;-121
Соренто 80010 Серена Белая;14346;1674;1026;23661;14290;1700;1000;23540;-121
Соренто 80010 Серена Керамик;14346;1674;1026;23661;14290;1700;1000;23540;-121
Соренто 80010 Серена Белая;14346;1674;1026;23661;14290;1700;1000;23540;-121
Соренто 80012 Серена Керамик;14346;1674;1026;23661;14290;1700;1000;23540;-121
Соренто 80012 Серена Белая;14346;1674;1026;23661;14290;1700;1000;23540;-121
Соренто 80014 Серена Керамик;14346;1674;1026;23661;14290;1700;1000;23540;-121
Соренто 80014 Серена Белая;14346;1674;1026;23661;14290;1700;1000;23540;-121
Тамбурат 4101 Аляска суперматовая;14634;1638;1008;23769;14590;1600;1000;23590;-179
Тамбурат 4101 Манхэттен;14634;1638;1008;23769;14590;1600;1000;23590;-179
Тамбурат 4101 Магнолия;14634;1638;1008;23769;14590;1600;1000;23590;-179
Тамбурат 4101 Дуб Мадейра;14634;1638;1008;23769;14590;1600;1000;23590;-179
Тамбурат 4101 Аляска суперматовая;14634;1638;1008;23769;14590;1600;1000;23590;-179
Тамбурат 4101 Манхэттен;14634;1638;1008;23769;14590;1600;1000;23590;-179
Тамбурат 4101 Магнолия;14634;1638;1008;23769;14590;1600;1000;23590;-179
Тамбурат 4101 Дуб Мадейра;14634;1638;1008;23769;14590;1600;1000;23590;-179
Парма 1222 Аляска суперматовая;17640;1152;666;23850;17590;1200;700;24090;240
Парма 1222 Магнолия;17640;1152;666;23850;17590;1200;700;24090;240
Парма 1222 Манхэттен;17640;1152;666;23850;17590;1200;700;24090;240
Алтай 802 Аляска суперматовая;16344;1710;666;23949;16290;1700;700;24040;91
Алтай 802 Манхэттен;16344;1710;666;23949;16290;1700;700;24040;91
Алтай 802 Аляска суперматовая;16344;1710;666;23949;16290;1700;700;24040;91
Алтай 802 Манхэттен;16344;1710;666;23949;16290;1700;700;24040;91
Богемия Эмаль Белая RAL 9003;16416;1350;864;24111;16390;1400;900;24390;279
Богемия 3 Эмаль Белая RAL 9003;16416;1350;864;24111;16390;1400;900;24390;279
Богемия 4 Эмаль Белая RAL 9003;16416;1350;864;24111;16390;1400;900;24390;279
Инфинити 6 Черный Керамик;16976;1216;848;24256;16990;1200;800;23990;-266
Инсайт 1 Софт Экрю;17040;1216;848;24320;16990;1200;800;23990;-330
Инсайт 10 Софт Экрю;17040;1216;848;24320;16990;1200;800;23990;-330
Инсайт 11 Софт Экрю;17040;1216;848;24320;16990;1200;800;23990;-330
Инсайт 12 Софт Экрю;17040;1216;848;24320;16990;1200;800;23990;-330
Инсайт 13 Софт Экрю;17040;1216;848;24320;16990;1200;800;23990;-330
Инсайт 14 Софт Экрю;17040;1216;848;24320;16990;1200;800;23990;-330
Инсайт 15 Софт Экрю;17040;1216;848;24320;16990;1200;800;23990;-330
Инсайт 16 Софт Экрю;17040;1216;848;24320;16990;1200;800;23990;-330
Инсайт 17 Софт Экрю;17040;1216;848;24320;16990;1200;800;23990;-330
Инсайт 2 Софт Экрю;17040;1216;848;24320;16990;1200;800;23990;-330
Инсайт 3 Софт Экрю;17040;1216;848;24320;16990;1200;800;23990;-330
Инсайт 4 Софт Экрю;17040;1216;848;24320;16990;1200;800;23990;-330
Инсайт 5 Софт Экрю;17040;1216;848;24320;16990;1200;800;23990;-330
Инсайт 6 Софт Экрю;17040;1216;848;24320;16990;1200;800;23990;-330
Инсайт 7 Софт Экрю;17040;1216;848;24320;16990;1200;800;23990;-330
Инсайт 8 Софт Экрю;17040;1216;848;24320;16990;1200;800;23990;-330
Инсайт 9 Софт Экрю;17040;1216;848;24320;16990;1200;800;23990;-330
Тамбурат 4102 Аляска суперматовая;15570;1638;1008;24705;15590;1600;1000;24590;-115
Тамбурат 4102 Манхэттен;15570;1638;1008;24705;15590;1600;1000;24590;-115
Тамбурат 4102 Магнолия;15570;1638;1008;24705;15590;1600;1000;24590;-115
Тамбурат 4102 Аляска суперматовая;15570;1638;1008;24705;15590;1600;1000;24590;-115
Тамбурат 4102 Манхэттен;15570;1638;1008;24705;15590;1600;1000;24590;-115
Тамбурат 4102 Магнолия;15570;1638;1008;24705;15590;1600;1000;24590;-115
Сицилия 90001 Аляска суперматовая;17262;1710;666;24867;17290;1700;700;25040;173
Сицилия 90001 Аляска суперматовая;17262;1710;666;24867;17290;1700;700;25040;173
Байкал 511 Аляска суперматовая;18684;1152;666;24894;18690;1200;700;25190;296
Байкал 511 Манхэттен;18684;1152;666;24894;18690;1200;700;25190;296
Байкал 511 Аляска суперматовая;18684;1152;666;24894;18690;1200;700;25190;296
Байкал 511 Манхэттен;18684;1152;666;24894;18690;1200;700;25190;296
Байкал 512 Аляска суперматовая;18684;1152;666;24894;18690;1200;700;25190;296
Байкал 512 Манхэттен;18684;1152;666;24894;18690;1200;700;25190;296
Байкал 512 Аляска суперматовая;18684;1152;666;24894;18690;1200;700;25190;296
Байкал 512 Манхэттен;18684;1152;666;24894;18690;1200;700;25190;296
Каролина Эмаль Белая RAL 9003;17334;1350;864;25029;17290;1400;900;25290;261
Перфекто 101 Серый Бархат;15912;1872;936;25272;15890;1900;900;25140;-132
Перфекто 101 Белый Бархат;15912;1872;936;25272;15890;1900;900;25140;-132
Перфекто 101 Зеленый Бархат;15912;1872;936;25272;15890;1900;900;25140;-132
Перфекто 101 Светло-серый Бархат;15912;1872;936;25272;15890;1900;900;25140;-132
Перфекто 102 Серый Бархат;15912;1872;936;25272;15890;1900;900;25140;-132
Перфекто 102 Белый Бархат;15912;1872;936;25272;15890;1900;900;25140;-132
Перфекто 102 Зеленый Бархат;15912;1872;936;25272;15890;1900;900;25140;-132
Перфекто 102 Светло-серый Бархат;15912;1872;936;25272;15890;1900;900;25140;-132
Деканто 1 Серый Бархат;16020;1872;936;25380;15990;1900;900;25240;-140
Деканто 1 Белый Бархат;16020;1872;936;25380;15990;1900;900;25240;-140
Деканто 1 Зеленый Бархат;16020;1872;936;25380;15990;1900;900;25240;-140
Деканто 1 Светло-серый Бархат;16020;1872;936;25380;15990;1900;900;25240;-140
Парма 30012 Аляска суперматовая;19224;1152;666;25434;19190;1200;700;25690;256
Парма 30012 Магнолия;19224;1152;666;25434;19190;1200;700;25690;256
Парма 30012 Манхэттен;19224;1152;666;25434;19190;1200;700;25690;256
Алтай 802 Серый Бархат;16344;1872;936;25704;16290;1900;900;25540;-164
Алтай 802 Светло-серый Бархат;16344;1872;936;25704;16290;1900;900;25540;-164
Алтай 802 Серый Бархат;16344;1872;936;25704;16290;1900;900;25540;-164
Алтай 802 Светло-серый Бархат;16344;1872;936;25704;16290;1900;900;25540;-164
Тамбурат 4104 Аляска суперматовая;16740;1638;1008;25875;16690;1600;1000;25690;-185
Тамбурат 4104 Манхэттен;16740;1638;1008;25875;16690;1600;1000;25690;-185
Тамбурат 4104 Магнолия;16740;1638;1008;25875;16690;1600;1000;25690;-185
Тамбурат 4105 Аляска суперматовая;16974;1638;1008;26109;16990;1600;1000;25990;-119
Тамбурат 4105 Манхэттен;16974;1638;1008;26109;16990;1600;1000;25990;-119
Тамбурат 4105 Магнолия;16974;1638;1008;26109;16990;1600;1000;25990;-119
Тамбурат 4105 Дуб Мадейра;16974;1638;1008;26109;16990;1600;1000;25990;-119
Тамбурат 4105 Аляска суперматовая;16974;1638;1008;26109;16990;1600;1000;25990;-119
Тамбурат 4105 Манхэттен;16974;1638;1008;26109;16990;1600;1000;25990;-119
Тамбурат 4105 Магнолия;16974;1638;1008;26109;16990;1600;1000;25990;-119
Тамбурат 4105 Дуб Мадейра;16974;1638;1008;26109;16990;1600;1000;25990;-119
Сибирь 42002 Орех натуральный;19260;1620;702;26820;19290;1600;700;26790;-30
Сибирь 42002 Орех светлый;19260;1620;702;26820;19290;1600;700;26790;-30
Сибирь 42002 Орех шоколадный;19260;1620;702;26820;19290;1600;700;26790;-30
М5 Т-05 (Светлый Лак);19764;1314;792;27009;19790;1300;800;27040;31
М5 Т-04 (Медовый);19764;1314;792;27009;19790;1300;800;27040;31
М2 Т-05 (Светлый Лак);20124;1314;792;27369;20090;1300;800;27340;-29
Александрия 2 Эмаль Слоновая кость + Патина Золото;19818;1350;864;27513;19790;1400;900;27790;277
Турин Эмаль Белая RAL 9003;19818;1350;864;27513;19790;1400;900;27790;277
Катунь 81001 Дарк вайт (бежевый);18594;1710;1008;27909;18590;1700;1000;27840;-69
Катунь 81001 Манхэттен;18594;1710;1008;27909;18590;1700;1000;27840;-69
Катунь 81001 Аляска суперматовая;18594;1710;1008;27909;18590;1700;1000;27840;-69
Катунь 81002 Дарк вайт (бежевый);18594;1710;1008;27909;18590;1700;1000;27840;-69
Катунь 81002 Манхэттен;18594;1710;1008;27909;18590;1700;1000;27840;-69
Катунь 81002 Аляска суперматовая;18594;1710;1008;27909;18590;1700;1000;27840;-69
Катунь 81002 Дарк вайт (бежевый);18594;1710;1008;27909;18590;1700;1000;27840;-69
Катунь 81002 Манхэттен;18594;1710;1008;27909;18590;1700;1000;27840;-69
Катунь 81002 Аляска суперматовая;18594;1710;1008;27909;18590;1700;1000;27840;-69
Лайн 1 Эмаль Белая RAL 9003;21060;1350;864;28755;21090;1400;900;29090;335
Бремен 1 Эмаль Белая RAL 9003;21114;1350;864;28809;21090;1400;900;29090;281
Бремен 3 Эмаль Белая RAL 9003;21114;1350;864;28809;21090;1400;900;29090;281
Каролина Эмаль Белая RAL 9003;21240;1350;864;28935;21190;1400;900;29190;255
Мадрид 201 Аляска суперматовая;21564;1710;666;29169;21590;1700;700;29340;171
Богемия 5 Эмаль Белая RAL 9003;21600;1350;864;29295;21590;1400;900;29590;295
Богемия 6 Эмаль Белая RAL 9003;21600;1350;864;29295;21590;1400;900;29590;295
Багет 3 Эмаль Слоновая кость + Патина Золото;21636;1350;864;29331;21590;1400;900;29590;259
Классик 4 Эмаль Белая RAL 9003;21636;1350;864;29331;21590;1400;900;29590;259
Лайн 1 Эмаль Галечный Серый RAL 7032;21060;1530;954;29655;21090;1500;1000;29840;185
Бремен 1 Эмаль Галечный Серый RAL 7032;21114;1530;954;29709;21090;1500;1000;29840;131
Бремен 3 Эмаль Галечный Серый RAL 7032;21114;1530;954;29709;21090;1500;1000;29840;131
Турин Эмаль Белая RAL 9003;22536;1350;864;30231;22490;1400;900;30490;259
Престиж 1 Эмаль Белая RAL 9003;22680;1350;864;30375;22690;1400;900;30690;315
Александрия 2 Эмаль Слоновая кость + Патина Золото;22806;1350;864;30501;22790;1400;900;30790;289
Багет 32 Эмаль Белая RAL 9003;23328;1350;864;31023;23290;1400;900;31290;267
Кардинал 1/2 Эмаль Белая RAL 9003;24498;1350;864;32193;24490;1400;900;32490;297
Классик 4 Эмаль Белая RAL 9003;24498;1350;864;32193;24490;1400;900;32490;297
Престиж 1 Эмаль Белая RAL 9003;24750;1350;864;32445;24790;1400;900;32790;345
Багет 3 Эмаль Слоновая кость + Патина Золото;24768;1350;864;32463;24790;1400;900;32790;327
Деканто 2 Серый Бархат;23382;1872;936;32742;23390;1900;900;32640;-102
Деканто 2 Белый Бархат;23382;1872;936;32742;23390;1900;900;32640;-102
Деканто 2 Зеленый Бархат;23382;1872;936;32742;23390;1900;900;32640;-102
Деканто 2 Светло-серый Бархат;23382;1872;936;32742;23390;1900;900;32640;-102
Бремен 1 Эмаль Белая RAL 9003;25542;1350;864;33237;25490;1400;900;33490;253
Бремен 3 Эмаль Белая RAL 9003;25542;1350;864;33237;25490;1400;900;33490;253
Кардинал 1/2 Эмаль Белая RAL 9003;25686;1350;864;33381;25690;1400;900;33690;309
Бремен 1 Эмаль Галечный Серый RAL 7032;25542;1530;954;34137;25490;1500;1000;34240;103
Бремен 3 Эмаль Галечный Серый RAL 7032;25542;1530;954;34137;25490;1500;1000;34240;103
Багет 32 Эмаль Белая RAL 9003;26550;1350;864;34245;26590;1400;900;34590;345
Бремен 1/4 Эмаль Белая RAL 9003;26892;1350;864;34587;26890;1400;900;34890;303
Бремен 1/4 Эмаль Галечный Серый RAL 7032;26892;1530;954;35487;26890;1500;1000;35640;153
Браво-0.10.А Real Oak;12744;;;;12690;0;0;12690;12690
Браво-0.10.П Clay Silk;13824;;;;13790;0;0;13790;13790
Браво-0.21.А Real Oak;12204;;;;12190;0;0;12190;12190
Браво-0.21.П Clay Silk;13824;;;;13790;0;0;13790;13790
Браво-0.24.П Clay Silk;13824;;;;13790;0;0;13790;13790
Браво-0.А Real Oak;11664;;;;11690;0;0;11690;11690
Браво-0.П Cream Silk;13104;;;;13090;0;0;13090;13090
Браво-0.П Grey Silk;13104;;;;13090;0;0;13090;13090
Браво-0.П Stormy Silk;13104;;;;13090;0;0;13090;13090
Браво-0.П White Silk;13104;;;;13090;0;0;13090;13090
Браво-0.П Clay Silk;13104;;;;13090;0;0;13090;13090
Престиж 1 Эмаль Светло-Серая RAL 7047;22680;;;;22690;0;0;22690;22690
Престиж 1 Эмаль Светло-Серая RAL 7047;24750;;;;24790;0;0;24790;24790
