Title;SKU
URSA S-552 NICKEL;940002023015
VEST S-536 BLACK;940002023125
GRACE S-549 NICKEL;940002023091
GRACE S-549 BLACK;940002023126
SHELF S-559 GRAPHITE;940002023097
SHELF S-559 BLACK;940002023096
COMET S-546 NICKEL;940002023087
COMET S-546 BLACK;940002023086
SPACER S-524 BLACK;940002024093
PIEZA S-565  WHITE;940002024094
PIEZA S-565  BLACK;940002024095
RIVER S-530 BLACK;940002023008
COSMO S-533 GRAPHITE;940002023009
COSMO S-533 NICKEL;940002023010
COSMO S-533 BLACK;940002023011
SOLAR S-535 NICKEL;940002023012
SOLAR S-535 BLACK;940002023013
LEDO S-522 BLACK;940002023014
GRANE S-560 GRAPHITE;940002023016
GRANE S-560 WHITE;940002023092
DUNE S-531 BLACK;940002023089
DUNE S-531 WHITE;940002023090
CLIFF S-520 BLACK;940002023085
VEIN S-537 BLACK;940002023098
SHARP S-558 GRAPHITE;940002023095
DOVE S-584 GRAPHITE;940002023088
WC SQ-003 BLACK;940002023020
WC SQ-003 NICKEL;940002023021
WC SQ-003 GRAPHITE;940002023022
WC SQ-003 WHITE;940002023101
SC SQ-001 BLACK;940002023027
SC SQ-001 NICKEL;940002023028
SC SQ-001 GRAPHITE;940002023029
SC SQ-001 WHITE;940002023103
RIVER S-486 GRAPHITE;940002023001
RIVER S-486 CHROME / WHITE;940002023094
RIVER S-486 CHROME / BLACK;940002023093
COMET S-483 GRAPHITE;940002023006
DOVE S-484 GRAPHITE;940002023007
WAVE S-488 GRAPHITE;940002023099
WAVE S-488 NICKEL;940002023100
ELIT S-487 NICKEL;940002023002
ELIT S-487 GRAPHITE;940002023003
LYRE S-489 NICKEL;940002023004
LYRE S-489 GRAPHITE;940002023005
WC SR-003 GRAPHITE;940002023018
WC SR-003 NICKEL;940002023019
WC SR-003 CHROME;940002023102
SC SR-001 GRAPHITE;940002023025
SC SR-001 NICKEL;940002023026
SC SR-001 CHROME;940002023104
PIEZA Q360 SATIN CHROME;940000001287
PIEZA Q360 BLACK NICKEL / CHROME;940000001288
PIEZA Q360 WHITE / CHROME;940000001490
PIANA Q307 SATIN CHROME;940000000648
PIANA Q307 BLACK;940000002648
RIPPLE Q510 BLACK;940002024217
SWEEP Q567 BLACK;940002024218
GRANE Q560 BLACK;940002024096
GRANE Q560 NICKEL;940002024097
HOME Q532 BLACK;940002024098
GROUND Q506 BLACK;940002024216
BINARY Q572 BLACK / CHROME RIM;940002024214
BINARY Q572 BLACK / GOLD RIM;940002024215
WC Q003 CHROME;940000000659
WC Q003 BLACK NICKEL ;940000001295
WC Q003 BLACK;940000002659
WC SQ-003 BLACK / CHROME RIM;940002024219
WC SQ-003 BLACK / GOLD RIM;940002024220
WC Q003 BRUSHED CAFE;940000000660
SC Q001 CHROME;940000000657
SC Q001 BLACK NICKEL ;940000001296
SC Q001 BLACK;940000002657
SC Q001 BRUSHED CAFE;940000000658
PAREJO A193 CHROME;940000001286
LEGEND A123 GOLD;940000000531
SLIM A128 CHROME;940000000539
RUSH A117 CHROME;940000000538
TURN A134 POLISH BRONZE;940002023137
TWIN A127-01 POLISH BRONZE;940002023138
BELLA A175 BLACK;940002023017
ART A154-05 CHROME;940000000554
ART A154-05 BRONZE;940000000555
WC 003 GOLD;940000000557
WC 003 POLISH BRONZE;940002023139
WC 003 CHROME;940000000559
WC 003 BLACK;940002023023
WC 003 BRONZE;940000000558
WC 003 CAFE;940000001293
SC 001 POLISH BRONZE;940002023140
SC 001 CHROME;940000000562
SC 001 BLACK;940002023024
SC 001 GOLD;940000000560
SC 001 BRONZE;940000000561
SC 001 CAFE;940000001294
CASTELLO VQ212 AGED BRONZE;940000000640
CASTELLO  VQ212 AGED SILVER;940000000641
PALAZZO V201 AGED BRONZE;940000000630
POMOLO V203 AGED BRONZE;940000000633
POMOLO V203 AGED SILVER;940000000634
POMOLO V203 AGED GOLD;940002024212
FIORE V207 AGED BRONZE;940000000635
FIORE V207 AGED SILVER;940000000636
ISOLA V209 AGED BRONZE;940000000637
ISOLA V209 AGED GOLD;940002024213
PORCELLANA V214 AGED SILVER;940000001281
PORCELLANA V214 AGED BRONZE;940000001452
PALAZZO V201 ENAMEL / CHROME;940000001451
FLAMINGO V204 ENAMEL / CHROME;940000001450
WC V003 AGED BRONZE;940000000649
WC V003 AGED SILVER;940000000650
WC V003 ENAMEL / CHROME;940000001454
WC V003 AGED GOLD;940002024221
WC VQ003 AGED BRONZE;940000000651
WC VQ003 AGED SILVER;940000000652
SC V001 AGED BRONZE;940000000653
SC V001 AGED SILVER;940000000654
SC V001 ENAMEL / CHROME;940000001453
SC V001 AGED GOLD;940002024222
SC VQ001 AGED BRONZE;940000000655
SC VQ001 AGED SILVER;940000000656
100X70X2.5 4W AGED BRONZE;940000000661
100X70X2.5 4W AGED SILVER;940000000662
100X70X2.5 4W AGED GOLD;940002024295
100X70X2.5 4W WHITE / CHROME;940000001491
100X70X2.5 4BB ANTIC BRONZE;940000000565
100X70X2.5 4BB POLISH CHROME;940000000566
100X70X2.5 4BB SATIN NICKEL;940000001567
100X70X2.5 4BB MATTE SATIN CHROME;940000002567
100X70X2.5 4BB BLACK;940000004444
100X70X2.5 4BB BLACK NICKEL;940000001442
100X70X2.5 4BB WHITE;940000004446
100X70X2.5 4BB GRAPHITE;940002023053
100X75X2.5 LEFT SATIN GOLD;940000001448
100X75X2.5 RIGHT SATIN GOLD;940000001449
100X75X2.5 LEFT ANTIC BRONZE;940000001444
100X75X2.5 RIGHT ANTIC BRONZE;940000001445
100X75X2.5 LEFT MATTE SATIN CHROME;940000002446
100X75X2.5 RIGHT MATTE SATIN CHROME;940000002447
100X75X2.5 BUT SATIN GOLD;940000000569
100X75X2.5 BUT ANTIC BRONZE;940000000571
100X75X2.5 BUT MATTE SATIN CHROME;940000001573
100X75X2.5 BUT BLACK;940000001574
100X75X2.5 BUT GRAPHITE;940002023054
DS 200 GOLD;940000000603
DS 200 BRONZE;940000000604
DS 200 CHROME;940000000605
DS 200 BLACK;940000001665
DS 300 S.GOLD;940002024015
DS 300 NICKEL;940002024014
DS 100 CHROME;940000000601
DS 100 GOLD;940000000602
6-45 GOLD;940000000574
6-45 BRONZE;940000000575
6-45 CHROME;940000000576
7-45 GOLD;940000000577
7-45 BRONZE;940000000578
WC 5070 BRONZE;940000000581
WC 5070 CHROME;940000000582
WC 414 GOLD;940000000860
WC 414 BRONZE;940000000858
WC 414 CHROME;940000000859
WC 414 BLACK;940002023078
WC 414 GRAPHITE;940002023051
KEY 418 GOLD;940000000857
KEY 418 BRONZE;940000000855
KEY 418 CHROME;940000000856
KEY 418 BLACK;940002023079
KEY 418 GRAPHITE;940002023052
WC MAG 5090 GOLD;940000000586
WC MAG 5090 BRONZE;940000000587
WC MAG 5090 CHROME;940000000588
KEY MAG 5085 GOLD;940000000583
KEY MAG 5085 BRONZE;940000000584
KEY MAG 5085 CHROME;940000000585
WC-5096 MAG BLACK NICKEL;940002023047
WC-5096 MAG CHROME;940000002400
WC-5096 MAG S. CHROME;940002022219
WC-5096 MAG M.CHROME;940002025018
WC-5096 MAG NICKEL;940000002401
WC-5096 MAG BRONZE;940000002402
WC-5096 MAG BLACK;940000002403
WC-5096 MAG WHITE;940002023048
WC-5096 MAG GRAPHITE;940002023046
WC-5096 MAG S.GOLD;940002024011
KEY-5085 MAG CHROME;940000002404
KEY-5085 MAG M.CHROME;940002025019
KEY-5085 MAG NICKEL;940000002405
KEY-5085 MAG BRONZE;940000002406
KEY-5085 MAG BLACK;940000002407
KEY-5085 MAG WHITE;940002023050
KEY-5085 MAG GRAPHITE;940002024013
KEY-5085 MAG S.GOLD ;940002024012
MOD 401-150 B;902097046777
401-140 BLACK;940002023147
401-140 WHITE;940002023157
401-140 BRONZE;940000000599
401-140 CHROME;940000000600
CYL 5-60 KNOB GOLD;940000000592
CYL 5-60 KNOB BRONZE;940000000593
CYL 5-60 KNOB CHROME;940000000594
CYL 5-60 KNOB BLACK;940000001598
CYL 5-60 KEY GOLD;940000000595
CYL 5-60 KEY BRONZE;940000000596
CYL 5-60 KEY CHROME;940000000597
CYL 5-60 KEY BLACK;940000001599
LOCK 4585 5-60B D GOLD;940000000589
LOCK 4585 5-60B D CHROME;940000000591
